{"s": "ok", "message": "Success", "data": {"COLUMNS": [{"date": "Date", "time": "Time", "segment": "Segment", "symbol": "Symbol", "type": "Trade Type", "qty": "Quantity", "trade_price": "Trade Price (\u20b9)", "trade_val": "Trade Value  (\u20b9)", "order_id": "Order id"}], "DATA": [{"date": "27/05/2021", "time": "09:58 AM", "segment": "NSE_CASH", "symbol": "CUMMINSIND", "type": "SELL", "qty": 125.0, "trade_price": 779.9, "trade_val": 97487.5, "order_id": "1000000004887153"}, {"date": "27/05/2021", "time": "03:13 PM", "segment": "NSE_CASH", "symbol": "MINDTREE", "type": "SELL", "qty": 50.0, "trade_price": 2307.95, "trade_val": 115397.5, "order_id": "1200000018986030"}, {"date": "27/05/2021", "time": "02:10 PM", "segment": "NSE_CASH", "symbol": "MINDTREE", "type": "BUY", "qty": 30.0, "trade_price": 2305.45, "trade_val": 69163.5, "order_id": "1200000014730622"}, {"date": "27/05/2021", "time": "02:10 PM", "segment": "NSE_CASH", "symbol": "MINDTREE", "type": "BUY", "qty": 20.0, "trade_price": 2305.45, "trade_val": 46109.0, "order_id": "1200000014730622"}, {"date": "27/05/2021", "time": "10:10 AM", "segment": "NSE_CASH", "symbol": "CUMMINSIND", "type": "BUY", "qty": 125.0, "trade_price": 778.55, "trade_val": 97318.75, "order_id": "1000000005561598"}, {"date": "26/05/2021", "time": "11:57 AM", "segment": "NSE_CASH", "symbol": "IGL", "type": "SELL", "qty": 1.0, "trade_price": 507.55, "trade_val": 507.55, "order_id": "1100000008374669"}, {"date": "26/05/2021", "time": "11:57 AM", "segment": "NSE_CASH", "symbol": "IGL", "type": "SELL", "qty": 1.0, "trade_price": 507.55, "trade_val": 507.55, "order_id": "1100000008373154"}, {"date": "26/05/2021", "time": "11:57 AM", "segment": "NSE_CASH", "symbol": "IGL", "type": "BUY", "qty": 1.0, "trade_price": 507.7, "trade_val": 507.7, "order_id": "1100000008361420"}, {"date": "26/05/2021", "time": "11:57 AM", "segment": "NSE_CASH", "symbol": "IGL", "type": "BUY", "qty": 1.0, "trade_price": 507.8, "trade_val": 507.8, "order_id": "1100000008351964"}, {"date": "25/05/2021", "time": "12:18 PM", "segment": "NSE_CASH", "symbol": "CONCOR", "type": "SELL", "qty": 23.0, "trade_price": 645.65, "trade_val": 14849.95, "order_id": "1000000011962560"}, {"date": "25/05/2021", "time": "09:52 AM", "segment": "NSE_CASH", "symbol": "CONCOR", "type": "SELL", "qty": 150.0, "trade_price": 656.2, "trade_val": 98430.0, "order_id": "1000000002326458"}, {"date": "25/05/2021", "time": "09:45 AM", "segment": "NSE_CASH", "symbol": "CONCOR", "type": "BUY", "qty": 20.0, "trade_price": 659.35, "trade_val": 13187.0, "order_id": "1000000003063742"}, {"date": "25/05/2021", "time": "09:45 AM", "segment": "NSE_CASH", "symbol": "CONCOR", "type": "BUY", "qty": 45.0, "trade_price": 659.35, "trade_val": 29670.75, "order_id": "1000000003063742"}, {"date": "25/05/2021", "time": "09:45 AM", "segment": "NSE_CASH", "symbol": "CONCOR", "type": "BUY", "qty": 50.0, "trade_price": 659.35, "trade_val": 32967.5, "order_id": "1000000003063742"}, {"date": "25/05/2021", "time": "09:45 AM", "segment": "NSE_CASH", "symbol": "CONCOR", "type": "BUY", "qty": 35.0, "trade_price": 659.35, "trade_val": 23077.25, "order_id": "1000000003063742"}, {"date": "25/05/2021", "time": "12:25 PM", "segment": "NSE_CASH", "symbol": "CONCOR", "type": "BUY", "qty": 150.0, "trade_price": 649.8, "trade_val": 97470.0, "order_id": "1000000012127542"}, {"date": "25/05/2021", "time": "12:18 PM", "segment": "NSE_CASH", "symbol": "CONCOR", "type": "SELL", "qty": 2.0, "trade_price": 645.7, "trade_val": 1291.4, "order_id": "1000000011962560"}, {"date": "25/05/2021", "time": "12:18 PM", "segment": "NSE_CASH", "symbol": "CONCOR", "type": "SELL", "qty": 30.0, "trade_price": 645.7, "trade_val": 19371.0, "order_id": "1000000011962560"}, {"date": "25/05/2021", "time": "12:18 PM", "segment": "NSE_CASH", "symbol": "CONCOR", "type": "SELL", "qty": 1.0, "trade_price": 645.7, "trade_val": 645.7, "order_id": "1000000011962560"}, {"date": "25/05/2021", "time": "12:18 PM", "segment": "NSE_CASH", "symbol": "CONCOR", "type": "SELL", "qty": 2.0, "trade_price": 645.7, "trade_val": 1291.4, "order_id": "1000000011962560"}, {"date": "25/05/2021", "time": "12:18 PM", "segment": "NSE_CASH", "symbol": "CONCOR", "type": "SELL", "qty": 49.0, "trade_price": 645.7, "trade_val": 31639.3, "order_id": "1000000011962560"}, {"date": "25/05/2021", "time": "12:18 PM", "segment": "NSE_CASH", "symbol": "CONCOR", "type": "SELL", "qty": 3.0, "trade_price": 645.75, "trade_val": 1937.25, "order_id": "1000000011962560"}, {"date": "25/05/2021", "time": "12:18 PM", "segment": "NSE_CASH", "symbol": "CONCOR", "type": "SELL", "qty": 40.0, "trade_price": 645.75, "trade_val": 25830.0, "order_id": "1000000011962560"}, {"date": "24/05/2021", "time": "01:29 PM", "segment": "NSE_CASH", "symbol": "INDIACEM", "type": "SELL", "qty": 214.0, "trade_price": 197.2, "trade_val": 42200.8, "order_id": "1100000011972931"}, {"date": "24/05/2021", "time": "01:29 PM", "segment": "NSE_CASH", "symbol": "INDIACEM", "type": "SELL", "qty": 300.0, "trade_price": 197.2, "trade_val": 59160.0, "order_id": "1100000011972931"}, {"date": "24/05/2021", "time": "01:29 PM", "segment": "NSE_CASH", "symbol": "INDIACEM", "type": "SELL", "qty": 86.0, "trade_price": 197.2, "trade_val": 16959.2, "order_id": "1100000011972931"}, {"date": "24/05/2021", "time": "01:10 PM", "segment": "NSE_CASH", "symbol": "INDIACEM", "type": "BUY", "qty": 600.0, "trade_price": 197.15, "trade_val": 118290.0, "order_id": "1100000011604692"}, {"date": "21/05/2021", "time": "02:20 PM", "segment": "NSE_CASH", "symbol": "HINDPETRO", "type": "SELL", "qty": 400.0, "trade_price": 277.15, "trade_val": 110860.0, "order_id": "1100000009818672"}, {"date": "21/05/2021", "time": "12:26 PM", "segment": "NSE_CASH", "symbol": "HINDPETRO", "type": "BUY", "qty": 400.0, "trade_price": 278.35, "trade_val": 111340.0, "order_id": "1100000009510257"}, {"date": "21/05/2021", "time": "12:04 PM", "segment": "NSE_CASH", "symbol": "HINDPETRO", "type": "BUY", "qty": 196.0, "trade_price": 277.75, "trade_val": 54439.0, "order_id": "1100000009069757"}, {"date": "21/05/2021", "time": "12:04 PM", "segment": "NSE_CASH", "symbol": "HINDPETRO", "type": "BUY", "qty": 204.0, "trade_price": 277.75, "trade_val": 56661.0, "order_id": "1100000009069757"}, {"date": "21/05/2021", "time": "12:03 PM", "segment": "NSE_CASH", "symbol": "HINDPETRO", "type": "SELL", "qty": 6.0, "trade_price": 277.7, "trade_val": 1666.2, "order_id": "1100000009057039"}, {"date": "21/05/2021", "time": "12:03 PM", "segment": "NSE_CASH", "symbol": "HINDPETRO", "type": "SELL", "qty": 33.0, "trade_price": 277.7, "trade_val": 9164.1, "order_id": "1100000009057039"}, {"date": "21/05/2021", "time": "12:03 PM", "segment": "NSE_CASH", "symbol": "HINDPETRO", "type": "SELL", "qty": 265.0, "trade_price": 277.7, "trade_val": 73590.5, "order_id": "1100000009057039"}, {"date": "21/05/2021", "time": "12:03 PM", "segment": "NSE_CASH", "symbol": "HINDPETRO", "type": "SELL", "qty": 1.0, "trade_price": 277.7, "trade_val": 277.7, "order_id": "1100000009057039"}, {"date": "21/05/2021", "time": "12:03 PM", "segment": "NSE_CASH", "symbol": "HINDPETRO", "type": "SELL", "qty": 12.0, "trade_price": 277.7, "trade_val": 3332.4, "order_id": "1100000009057039"}, {"date": "21/05/2021", "time": "12:03 PM", "segment": "NSE_CASH", "symbol": "HINDPETRO", "type": "SELL", "qty": 83.0, "trade_price": 277.7, "trade_val": 23049.1, "order_id": "1100000009057039"}, {"date": "21/05/2021", "time": "11:52 AM", "segment": "NSE_CASH", "symbol": "HINDPETRO", "type": "SELL", "qty": 400.0, "trade_price": 277.65, "trade_val": 111060.0, "order_id": "1100000007720582"}, {"date": "21/05/2021", "time": "11:16 AM", "segment": "NSE_CASH", "symbol": "HINDPETRO", "type": "BUY", "qty": 103.0, "trade_price": 278.45, "trade_val": 28680.35, "order_id": "1100000007580230"}, {"date": "21/05/2021", "time": "11:16 AM", "segment": "NSE_CASH", "symbol": "HINDPETRO", "type": "BUY", "qty": 297.0, "trade_price": 278.45, "trade_val": 82699.65, "order_id": "1100000007580230"}, {"date": "21/05/2021", "time": "09:18 AM", "segment": "NSE_CASH", "symbol": "HINDPETRO", "type": "BUY", "qty": 87.0, "trade_price": 282.95, "trade_val": 24616.65, "order_id": "1100000000826738"}, {"date": "21/05/2021", "time": "09:18 AM", "segment": "NSE_CASH", "symbol": "HINDPETRO", "type": "BUY", "qty": 250.0, "trade_price": 282.9, "trade_val": 70725.0, "order_id": "1100000000826738"}, {"date": "21/05/2021", "time": "09:18 AM", "segment": "NSE_CASH", "symbol": "HINDPETRO", "type": "BUY", "qty": 32.0, "trade_price": 282.9, "trade_val": 9052.8, "order_id": "1100000000826738"}, {"date": "21/05/2021", "time": "09:18 AM", "segment": "NSE_CASH", "symbol": "HINDPETRO", "type": "BUY", "qty": 31.0, "trade_price": 282.9, "trade_val": 8769.9, "order_id": "1100000000826738"}, {"date": "21/05/2021", "time": "09:15 AM", "segment": "NSE_CASH", "symbol": "HINDPETRO", "type": "SELL", "qty": 400.0, "trade_price": 279.65, "trade_val": 111860.0, "order_id": "1100000000291252"}, {"date": "20/05/2021", "time": "11:44 AM", "segment": "NSE_CASH", "symbol": "BURGERKING", "type": "BUY", "qty": 10.0, "trade_price": 144.8, "trade_val": 1448.0, "order_id": "1000000009694036"}, {"date": "20/05/2021", "time": "11:44 AM", "segment": "NSE_CASH", "symbol": "BURGERKING", "type": "BUY", "qty": 90.0, "trade_price": 144.8, "trade_val": 13032.0, "order_id": "1000000009694036"}, {"date": "20/05/2021", "time": "03:29 PM", "segment": "NSE_CASH", "symbol": "BURGERKING", "type": "SELL", "qty": 100.0, "trade_price": 145.3, "trade_val": 14530.0, "order_id": "1000000018860069"}, {"date": "19/05/2021", "time": "02:28 PM", "segment": "NSE_CASH", "symbol": "PAGEIND", "type": "BUY", "qty": 4.0, "trade_price": 30000.6, "trade_val": 120002.4, "order_id": "1200000013878580"}, {"date": "19/05/2021", "time": "02:28 PM", "segment": "NSE_CASH", "symbol": "PAGEIND", "type": "BUY", "qty": 1.0, "trade_price": 30000.6, "trade_val": 30000.6, "order_id": "1200000013878580"}, {"date": "19/05/2021", "time": "10:43 AM", "segment": "NSE_CASH", "symbol": "DHAMPURSUG", "type": "SELL", "qty": 9.0, "trade_price": 356.3, "trade_val": 3206.7, "order_id": "1000000006981454"}, {"date": "19/05/2021", "time": "10:43 AM", "segment": "NSE_CASH", "symbol": "DHAMPURSUG", "type": "SELL", "qty": 31.0, "trade_price": 356.3, "trade_val": 11045.3, "order_id": "1000000006981454"}, {"date": "19/05/2021", "time": "10:23 AM", "segment": "NSE_CASH", "symbol": "DHAMPURSUG", "type": "BUY", "qty": 1.0, "trade_price": 353.45, "trade_val": 353.45, "order_id": "1000000006966407"}, {"date": "19/05/2021", "time": "10:23 AM", "segment": "NSE_CASH", "symbol": "DHAMPURSUG", "type": "BUY", "qty": 1.0, "trade_price": 353.45, "trade_val": 353.45, "order_id": "1000000006966407"}, {"date": "19/05/2021", "time": "10:23 AM", "segment": "NSE_CASH", "symbol": "DHAMPURSUG", "type": "BUY", "qty": 38.0, "trade_price": 353.45, "trade_val": 13431.1, "order_id": "1000000006966407"}, {"date": "19/05/2021", "time": "10:17 AM", "segment": "NSE_CASH", "symbol": "DHAMPURSUG", "type": "BUY", "qty": 1.0, "trade_price": 349.15, "trade_val": 349.15, "order_id": "1000000006510305"}, {"date": "19/05/2021", "time": "09:41 AM", "segment": "NSE_CASH", "symbol": "DHAMPURSUG", "type": "SELL", "qty": 40.0, "trade_price": 334.05, "trade_val": 13362.0, "order_id": "1000000001719825"}, {"date": "19/05/2021", "time": "09:30 AM", "segment": "NSE_CASH", "symbol": "IDEA", "type": "BUY", "qty": 1.0, "trade_price": 8.65, "trade_val": 8.65, "order_id": "1100000001838516"}, {"date": "19/05/2021", "time": "09:24 AM", "segment": "NSE_CASH", "symbol": "DHAMPURSUG", "type": "SELL", "qty": 1.0, "trade_price": 347.9, "trade_val": 347.9, "order_id": "1000000001810609"}, {"date": "19/05/2021", "time": "09:29 AM", "segment": "NSE_CASH", "symbol": "IDEA", "type": "SELL", "qty": 1.0, "trade_price": 8.6, "trade_val": 8.6, "order_id": "1100000001729711"}, {"date": "19/05/2021", "time": "09:23 AM", "segment": "NSE_CASH", "symbol": "DHAMPURSUG", "type": "BUY", "qty": 40.0, "trade_price": 338.65, "trade_val": 13546.0, "order_id": "1000000001602497"}, {"date": "19/05/2021", "time": "03:01 PM", "segment": "NSE_CASH", "symbol": "PAGEIND", "type": "SELL", "qty": 5.0, "trade_price": 30038.0, "trade_val": 150190.0, "order_id": "1200000014989981"}, {"date": "18/05/2021", "time": "09:21 AM", "segment": "NSE_CASH", "symbol": "HINDALCO", "type": "BUY", "qty": 154.0, "trade_price": 406.6, "trade_val": 62616.4, "order_id": "1100000001171153"}, {"date": "18/05/2021", "time": "09:20 AM", "segment": "NSE_CASH", "symbol": "SAIL", "type": "BUY", "qty": 100.0, "trade_price": 134.75, "trade_val": 13475.0, "order_id": "1300000001232778"}, {"date": "18/05/2021", "time": "09:45 AM", "segment": "NSE_CASH", "symbol": "HINDALCO", "type": "SELL", "qty": 68.0, "trade_price": 411.0, "trade_val": 27948.0, "order_id": "1100000002240170"}, {"date": "18/05/2021", "time": "09:45 AM", "segment": "NSE_CASH", "symbol": "HINDALCO", "type": "SELL", "qty": 132.0, "trade_price": 411.0, "trade_val": 54252.0, "order_id": "1100000002240170"}, {"date": "18/05/2021", "time": "09:21 AM", "segment": "NSE_CASH", "symbol": "HINDALCO", "type": "BUY", "qty": 30.0, "trade_price": 406.6, "trade_val": 12198.0, "order_id": "1100000001171153"}, {"date": "18/05/2021", "time": "09:21 AM", "segment": "NSE_CASH", "symbol": "HINDALCO", "type": "BUY", "qty": 16.0, "trade_price": 406.6, "trade_val": 6505.6, "order_id": "1100000001171153"}, {"date": "18/05/2021", "time": "09:21 AM", "segment": "NSE_CASH", "symbol": "SAIL", "type": "SELL", "qty": 100.0, "trade_price": 134.55, "trade_val": 13455.0, "order_id": "1300000001349464"}, {"date": "17/05/2021", "time": "09:36 AM", "segment": "NSE_CASH", "symbol": "DHAMPURSUG", "type": "BUY", "qty": 12.0, "trade_price": 322.65, "trade_val": 3871.8, "order_id": "1000000002980454"}, {"date": "17/05/2021", "time": "09:00 AM", "segment": "NSE_CASH", "symbol": "LT", "type": "SELL", "qty": 50.0, "trade_price": 1433.0, "trade_val": 71650.0, "order_id": "1200000000011803"}, {"date": "17/05/2021", "time": "09:49 AM", "segment": "NSE_CASH", "symbol": "DHAMPURSUG", "type": "BUY", "qty": 40.0, "trade_price": 333.65, "trade_val": 13346.0, "order_id": "1000000004490316"}, {"date": "17/05/2021", "time": "09:49 AM", "segment": "NSE_CASH", "symbol": "DHAMPURSUG", "type": "SELL", "qty": 40.0, "trade_price": 333.65, "trade_val": 13346.0, "order_id": "1000000004408632"}, {"date": "17/05/2021", "time": "09:39 AM", "segment": "NSE_CASH", "symbol": "DHAMPURSUG", "type": "SELL", "qty": 12.0, "trade_price": 333.6, "trade_val": 4003.2, "order_id": "1000000003540948"}, {"date": "17/05/2021", "time": "09:16 AM", "segment": "NSE_CASH", "symbol": "LT", "type": "BUY", "qty": 50.0, "trade_price": 1436.65, "trade_val": 71832.5, "order_id": "1200000000359970"}, {"date": "12/05/2021", "time": "09:24 AM", "segment": "NSE_CASH", "symbol": "NMDC", "type": "BUY", "qty": 67.0, "trade_price": 207.5, "trade_val": 13902.5, "order_id": "1200000001545443"}, {"date": "12/05/2021", "time": "09:00 AM", "segment": "NSE_CASH", "symbol": "CONCOR", "type": "BUY", "qty": 91.0, "trade_price": 618.5, "trade_val": 56283.5, "order_id": "1000000000012524"}, {"date": "12/05/2021", "time": "09:00 AM", "segment": "NSE_CASH", "symbol": "CONCOR", "type": "BUY", "qty": 34.0, "trade_price": 618.5, "trade_val": 21029.0, "order_id": "1000000000012524"}, {"date": "12/05/2021", "time": "09:00 AM", "segment": "NSE_CASH", "symbol": "RELINFRA", "type": "BUY", "qty": 1500.0, "trade_price": 54.9, "trade_val": 82350.0, "order_id": "1300000000021701"}, {"date": "12/05/2021", "time": "09:21 AM", "segment": "NSE_CASH", "symbol": "CONCOR", "type": "SELL", "qty": 50.0, "trade_price": 619.0, "trade_val": 30950.0, "order_id": "1000000001092739"}, {"date": "12/05/2021", "time": "09:21 AM", "segment": "NSE_CASH", "symbol": "CONCOR", "type": "SELL", "qty": 20.0, "trade_price": 619.75, "trade_val": 12395.0, "order_id": "1000000001092739"}, {"date": "12/05/2021", "time": "09:21 AM", "segment": "NSE_CASH", "symbol": "CONCOR", "type": "SELL", "qty": 10.0, "trade_price": 619.0, "trade_val": 6190.0, "order_id": "1000000001092739"}, {"date": "12/05/2021", "time": "09:21 AM", "segment": "NSE_CASH", "symbol": "CONCOR", "type": "SELL", "qty": 45.0, "trade_price": 619.0, "trade_val": 27855.0, "order_id": "1000000001092739"}, {"date": "12/05/2021", "time": "09:23 AM", "segment": "NSE_CASH", "symbol": "RELINFRA", "type": "SELL", "qty": 1500.0, "trade_price": 54.0, "trade_val": 81000.0, "order_id": "1300000001281866"}, {"date": "12/05/2021", "time": "09:24 AM", "segment": "NSE_CASH", "symbol": "NMDC", "type": "BUY", "qty": 100.0, "trade_price": 207.5, "trade_val": 20750.0, "order_id": "1200000001545443"}, {"date": "12/05/2021", "time": "09:24 AM", "segment": "NSE_CASH", "symbol": "NMDC", "type": "BUY", "qty": 320.0, "trade_price": 207.5, "trade_val": 66400.0, "order_id": "1200000001545443"}, {"date": "12/05/2021", "time": "09:24 AM", "segment": "NSE_CASH", "symbol": "NMDC", "type": "BUY", "qty": 10.0, "trade_price": 207.5, "trade_val": 2075.0, "order_id": "1200000001545443"}, {"date": "12/05/2021", "time": "09:24 AM", "segment": "NSE_CASH", "symbol": "NMDC", "type": "BUY", "qty": 3.0, "trade_price": 207.5, "trade_val": 622.5, "order_id": "1200000001545443"}, {"date": "12/05/2021", "time": "09:33 AM", "segment": "NSE_CASH", "symbol": "NMDC", "type": "SELL", "qty": 200.0, "trade_price": 204.3, "trade_val": 40860.0, "order_id": "1200000001587798"}, {"date": "12/05/2021", "time": "09:33 AM", "segment": "NSE_CASH", "symbol": "NMDC", "type": "SELL", "qty": 300.0, "trade_price": 204.3, "trade_val": 61290.0, "order_id": "1200000001587798"}, {"date": "12/05/2021", "time": "12:48 PM", "segment": "NSE_CASH", "symbol": "GODREJCP", "type": "BUY", "qty": 190.0, "trade_price": 871.85, "trade_val": 165651.5, "order_id": "1100000011207188"}, {"date": "12/05/2021", "time": "02:56 PM", "segment": "NSE_CASH", "symbol": "GODREJCP", "type": "SELL", "qty": 77.0, "trade_price": 864.3, "trade_val": 66551.1, "order_id": "1100000016262655"}, {"date": "12/05/2021", "time": "02:56 PM", "segment": "NSE_CASH", "symbol": "GODREJCP", "type": "SELL", "qty": 13.0, "trade_price": 864.2, "trade_val": 11234.6, "order_id": "1100000016262655"}, {"date": "12/05/2021", "time": "02:56 PM", "segment": "NSE_CASH", "symbol": "GODREJCP", "type": "SELL", "qty": 43.0, "trade_price": 864.2, "trade_val": 37160.6, "order_id": "1100000016262655"}, {"date": "12/05/2021", "time": "02:56 PM", "segment": "NSE_CASH", "symbol": "GODREJCP", "type": "SELL", "qty": 57.0, "trade_price": 864.25, "trade_val": 49262.25, "order_id": "1100000016262655"}, {"date": "12/05/2021", "time": "02:56 PM", "segment": "NSE_CASH", "symbol": "GODREJCP", "type": "SELL", "qty": 15.0, "trade_price": 864.6, "trade_val": 12969.0, "order_id": "1100000016288048"}, {"date": "12/05/2021", "time": "02:56 PM", "segment": "NSE_CASH", "symbol": "GODREJCP", "type": "SELL", "qty": 18.0, "trade_price": 864.6, "trade_val": 15562.8, "order_id": "1100000016288048"}, {"date": "12/05/2021", "time": "02:56 PM", "segment": "NSE_CASH", "symbol": "GODREJCP", "type": "SELL", "qty": 142.0, "trade_price": 864.55, "trade_val": 122766.1, "order_id": "1100000016288048"}, {"date": "12/05/2021", "time": "02:57 PM", "segment": "NSE_CASH", "symbol": "GODREJCP", "type": "BUY", "qty": 6.0, "trade_price": 865.7, "trade_val": 5194.2, "order_id": "1100000016320808"}, {"date": "12/05/2021", "time": "02:57 PM", "segment": "NSE_CASH", "symbol": "GODREJCP", "type": "BUY", "qty": 109.0, "trade_price": 865.7, "trade_val": 94361.3, "order_id": "1100000016320808"}, {"date": "12/05/2021", "time": "02:57 PM", "segment": "NSE_CASH", "symbol": "GODREJCP", "type": "BUY", "qty": 60.0, "trade_price": 865.7, "trade_val": 51942.0, "order_id": "1100000016320808"}, {"date": "12/05/2021", "time": "03:02 PM", "segment": "NSE_CASH", "symbol": "GODREJCP", "type": "BUY", "qty": 24.0, "trade_price": 870.65, "trade_val": 20895.6, "order_id": "1100000016698089"}, {"date": "12/05/2021", "time": "03:02 PM", "segment": "NSE_CASH", "symbol": "GODREJCP", "type": "BUY", "qty": 86.0, "trade_price": 870.6, "trade_val": 74871.6, "order_id": "1100000016698089"}, {"date": "12/05/2021", "time": "03:02 PM", "segment": "NSE_CASH", "symbol": "GODREJCP", "type": "BUY", "qty": 60.0, "trade_price": 870.6, "trade_val": 52236.0, "order_id": "1100000016698089"}, {"date": "12/05/2021", "time": "03:04 PM", "segment": "NSE_CASH", "symbol": "GODREJCP", "type": "SELL", "qty": 134.0, "trade_price": 871.2, "trade_val": 116740.8, "order_id": "1100000016723737"}, {"date": "12/05/2021", "time": "03:04 PM", "segment": "NSE_CASH", "symbol": "GODREJCP", "type": "SELL", "qty": 20.0, "trade_price": 871.2, "trade_val": 17424.0, "order_id": "1100000016723737"}, {"date": "12/05/2021", "time": "03:04 PM", "segment": "NSE_CASH", "symbol": "GODREJCP", "type": "SELL", "qty": 16.0, "trade_price": 871.2, "trade_val": 13939.2, "order_id": "1100000016723737"}, {"date": "11/05/2021", "time": "09:21 AM", "segment": "NSE_CASH", "symbol": "COALINDIA", "type": "BUY", "qty": 67.0, "trade_price": 149.7, "trade_val": 10029.9, "order_id": "1000000001258147"}, {"date": "11/05/2021", "time": "03:00 PM", "segment": "NSE_CASH", "symbol": "IOC", "type": "SELL", "qty": 1000.0, "trade_price": 103.9, "trade_val": 103900.0, "order_id": "1100000015255723"}, {"date": "11/05/2021", "time": "02:00 PM", "segment": "NSE_CASH", "symbol": "IOC", "type": "BUY", "qty": 16.0, "trade_price": 103.65, "trade_val": 1658.4, "order_id": "1100000014535430"}, {"date": "11/05/2021", "time": "02:00 PM", "segment": "NSE_CASH", "symbol": "IOC", "type": "BUY", "qty": 7.0, "trade_price": 103.65, "trade_val": 725.55, "order_id": "1100000014535430"}, {"date": "11/05/2021", "time": "02:00 PM", "segment": "NSE_CASH", "symbol": "IOC", "type": "BUY", "qty": 974.0, "trade_price": 103.65, "trade_val": 100955.1, "order_id": "1100000014535430"}, {"date": "11/05/2021", "time": "02:00 PM", "segment": "NSE_CASH", "symbol": "IOC", "type": "BUY", "qty": 3.0, "trade_price": 103.65, "trade_val": 310.95, "order_id": "1100000014535430"}, {"date": "11/05/2021", "time": "09:22 AM", "segment": "NSE_CASH", "symbol": "COALINDIA", "type": "SELL", "qty": 9.0, "trade_price": 150.1, "trade_val": 1350.9, "order_id": "1000000001448166"}, {"date": "11/05/2021", "time": "09:22 AM", "segment": "NSE_CASH", "symbol": "COALINDIA", "type": "SELL", "qty": 91.0, "trade_price": 150.1, "trade_val": 13659.1, "order_id": "1000000001448166"}, {"date": "11/05/2021", "time": "09:21 AM", "segment": "NSE_CASH", "symbol": "COALINDIA", "type": "BUY", "qty": 30.0, "trade_price": 149.7, "trade_val": 4491.0, "order_id": "1000000001258147"}, {"date": "11/05/2021", "time": "09:21 AM", "segment": "NSE_CASH", "symbol": "COALINDIA", "type": "BUY", "qty": 3.0, "trade_price": 149.7, "trade_val": 449.1, "order_id": "1000000001258147"}, {"date": "10/05/2021", "time": "02:12 PM", "segment": "NSE_CASH", "symbol": "UPL", "type": "BUY", "qty": 50.0, "trade_price": 665.7, "trade_val": 33285.0, "order_id": "1300000016143995"}, {"date": "10/05/2021", "time": "02:46 PM", "segment": "NSE_CASH", "symbol": "MOTHERSUMI", "type": "SELL", "qty": 1.0, "trade_price": 230.7, "trade_val": 230.7, "order_id": "1200000014959669"}, {"date": "10/05/2021", "time": "02:46 PM", "segment": "NSE_CASH", "symbol": "COALINDIA", "type": "SELL", "qty": 125.0, "trade_price": 145.6, "trade_val": 18200.0, "order_id": "1000000019399669"}, {"date": "10/05/2021", "time": "02:45 PM", "segment": "NSE_CASH", "symbol": "UPL", "type": "SELL", "qty": 10.0, "trade_price": 671.1, "trade_val": 6711.0, "order_id": "1300000018384728"}, {"date": "10/05/2021", "time": "02:45 PM", "segment": "NSE_CASH", "symbol": "UPL", "type": "SELL", "qty": 232.0, "trade_price": 671.1, "trade_val": 155695.2, "order_id": "1300000018384728"}, {"date": "10/05/2021", "time": "02:45 PM", "segment": "NSE_CASH", "symbol": "UPL", "type": "SELL", "qty": 8.0, "trade_price": 671.1, "trade_val": 5368.8, "order_id": "1300000018384728"}, {"date": "10/05/2021", "time": "02:30 PM", "segment": "NSE_CASH", "symbol": "COALINDIA", "type": "BUY", "qty": 125.0, "trade_price": 145.0, "trade_val": 18125.0, "order_id": "1000000018683766"}, {"date": "10/05/2021", "time": "02:26 PM", "segment": "NSE_CASH", "symbol": "MOTHERSUMI", "type": "BUY", "qty": 1.0, "trade_price": 229.85, "trade_val": 229.85, "order_id": "1200000014947848"}, {"date": "10/05/2021", "time": "02:12 PM", "segment": "NSE_CASH", "symbol": "UPL", "type": "BUY", "qty": 15.0, "trade_price": 665.65, "trade_val": 9984.75, "order_id": "1300000016143995"}, {"date": "10/05/2021", "time": "02:12 PM", "segment": "NSE_CASH", "symbol": "UPL", "type": "BUY", "qty": 66.0, "trade_price": 665.7, "trade_val": 43936.2, "order_id": "1300000016143995"}, {"date": "10/05/2021", "time": "02:12 PM", "segment": "NSE_CASH", "symbol": "UPL", "type": "BUY", "qty": 10.0, "trade_price": 665.7, "trade_val": 6657.0, "order_id": "1300000016143995"}, {"date": "10/05/2021", "time": "02:12 PM", "segment": "NSE_CASH", "symbol": "UPL", "type": "BUY", "qty": 48.0, "trade_price": 665.65, "trade_val": 31951.2, "order_id": "1300000016143995"}, {"date": "10/05/2021", "time": "02:12 PM", "segment": "NSE_CASH", "symbol": "UPL", "type": "BUY", "qty": 50.0, "trade_price": 665.7, "trade_val": 33285.0, "order_id": "1300000016143995"}, {"date": "10/05/2021", "time": "02:12 PM", "segment": "NSE_CASH", "symbol": "UPL", "type": "BUY", "qty": 1.0, "trade_price": 665.65, "trade_val": 665.65, "order_id": "1300000016143995"}, {"date": "10/05/2021", "time": "02:12 PM", "segment": "NSE_CASH", "symbol": "UPL", "type": "BUY", "qty": 10.0, "trade_price": 665.7, "trade_val": 6657.0, "order_id": "1300000016143995"}, {"date": "10/05/2021", "time": "10:04 AM", "segment": "NSE_CASH", "symbol": "GAIL", "type": "SELL", "qty": 242.0, "trade_price": 154.45, "trade_val": 37376.9, "order_id": "1100000003548111"}, {"date": "10/05/2021", "time": "10:04 AM", "segment": "NSE_CASH", "symbol": "GAIL", "type": "SELL", "qty": 158.0, "trade_price": 154.4, "trade_val": 24395.2, "order_id": "1100000003548111"}, {"date": "10/05/2021", "time": "10:04 AM", "segment": "NSE_CASH", "symbol": "GAIL", "type": "SELL", "qty": 100.0, "trade_price": 154.45, "trade_val": 15445.0, "order_id": "1100000003548111"}, {"date": "10/05/2021", "time": "09:53 AM", "segment": "NSE_CASH", "symbol": "GAIL", "type": "BUY", "qty": 303.0, "trade_price": 154.35, "trade_val": 46768.05, "order_id": "1100000002866375"}, {"date": "10/05/2021", "time": "09:53 AM", "segment": "NSE_CASH", "symbol": "GAIL", "type": "BUY", "qty": 177.0, "trade_price": 154.35, "trade_val": 27319.95, "order_id": "1100000002866375"}, {"date": "10/05/2021", "time": "09:53 AM", "segment": "NSE_CASH", "symbol": "GAIL", "type": "BUY", "qty": 20.0, "trade_price": 154.35, "trade_val": 3087.0, "order_id": "1100000002866375"}, {"date": "10/05/2021", "time": "09:37 AM", "segment": "NSE_CASH", "symbol": "JINDALSTEL", "type": "SELL", "qty": 31.0, "trade_price": 491.3, "trade_val": 15230.3, "order_id": "1200000002185997"}, {"date": "10/05/2021", "time": "09:37 AM", "segment": "NSE_CASH", "symbol": "JINDALSTEL", "type": "SELL", "qty": 13.0, "trade_price": 491.3, "trade_val": 6386.9, "order_id": "1200000002185997"}, {"date": "10/05/2021", "time": "09:37 AM", "segment": "NSE_CASH", "symbol": "JINDALSTEL", "type": "SELL", "qty": 6.0, "trade_price": 491.25, "trade_val": 2947.5, "order_id": "1200000002185997"}, {"date": "10/05/2021", "time": "09:37 AM", "segment": "NSE_CASH", "symbol": "HINDALCO", "type": "SELL", "qty": 50.0, "trade_price": 411.55, "trade_val": 20577.5, "order_id": "1100000002025204"}, {"date": "10/05/2021", "time": "09:31 AM", "segment": "NSE_CASH", "symbol": "JINDALSTEL", "type": "BUY", "qty": 28.0, "trade_price": 491.5, "trade_val": 13762.0, "order_id": "1200000001062708"}, {"date": "10/05/2021", "time": "09:31 AM", "segment": "NSE_CASH", "symbol": "HINDALCO", "type": "BUY", "qty": 50.0, "trade_price": 411.2, "trade_val": 20560.0, "order_id": "1100000001062258"}, {"date": "10/05/2021", "time": "09:31 AM", "segment": "NSE_CASH", "symbol": "JINDALSTEL", "type": "BUY", "qty": 10.0, "trade_price": 491.5, "trade_val": 4915.0, "order_id": "1200000001062708"}, {"date": "10/05/2021", "time": "09:31 AM", "segment": "NSE_CASH", "symbol": "JINDALSTEL", "type": "BUY", "qty": 12.0, "trade_price": 491.5, "trade_val": 5898.0, "order_id": "1200000001062708"}, {"date": "10/05/2021", "time": "09:30 AM", "segment": "NSE_CASH", "symbol": "TATASTEEL", "type": "SELL", "qty": 25.0, "trade_price": 1214.0, "trade_val": 30350.0, "order_id": "1300000002296003"}, {"date": "10/05/2021", "time": "09:28 AM", "segment": "NSE_CASH", "symbol": "TATASTEEL", "type": "BUY", "qty": 25.0, "trade_price": 1218.15, "trade_val": 30453.75, "order_id": "1300000001404625"}, {"date": "10/05/2021", "time": "09:25 AM", "segment": "NSE_CASH", "symbol": "NMDC", "type": "SELL", "qty": 100.0, "trade_price": 199.3, "trade_val": 19930.0, "order_id": "1200000001382939"}, {"date": "10/05/2021", "time": "09:21 AM", "segment": "NSE_CASH", "symbol": "NMDC", "type": "BUY", "qty": 100.0, "trade_price": 198.8, "trade_val": 19880.0, "order_id": "1200000001030265"}, {"date": "07/05/2021", "time": "03:02 PM", "segment": "NSE_CASH", "symbol": "VEDL", "type": "SELL", "qty": 100.0, "trade_price": 284.7, "trade_val": 28470.0, "order_id": "1300000014108849"}, {"date": "07/05/2021", "time": "01:22 PM", "segment": "NSE_CASH", "symbol": "VEDL", "type": "BUY", "qty": 160.0, "trade_price": 286.4, "trade_val": 45824.0, "order_id": "1300000013956285"}, {"date": "07/05/2021", "time": "01:22 PM", "segment": "NSE_CASH", "symbol": "VEDL", "type": "BUY", "qty": 90.0, "trade_price": 286.4, "trade_val": 25776.0, "order_id": "1300000013956285"}, {"date": "07/05/2021", "time": "03:02 PM", "segment": "NSE_CASH", "symbol": "VEDL", "type": "SELL", "qty": 1.0, "trade_price": 284.7, "trade_val": 284.7, "order_id": "1300000014108849"}, {"date": "07/05/2021", "time": "03:02 PM", "segment": "NSE_CASH", "symbol": "VEDL", "type": "SELL", "qty": 75.0, "trade_price": 284.7, "trade_val": 21352.5, "order_id": "1300000014108849"}, {"date": "07/05/2021", "time": "03:02 PM", "segment": "NSE_CASH", "symbol": "VEDL", "type": "SELL", "qty": 74.0, "trade_price": 284.7, "trade_val": 21067.8, "order_id": "1300000014108849"}, {"date": "06/05/2021", "time": "09:15 AM", "segment": "NSE_CASH", "symbol": "LUPIN", "type": "BUY", "qty": 83.0, "trade_price": 1200.0, "trade_val": 99600.0, "order_id": "1200000000176149"}, {"date": "06/05/2021", "time": "01:57 PM", "segment": "NSE_CASH", "symbol": "COFORGE", "type": "BUY", "qty": 17.0, "trade_price": 3379.4, "trade_val": 57449.8, "order_id": "1200000013069955"}, {"date": "06/05/2021", "time": "01:49 PM", "segment": "NSE_CASH", "symbol": "COFORGE", "type": "SELL", "qty": 24.0, "trade_price": 3343.8, "trade_val": 80251.2, "order_id": "1200000012648172"}, {"date": "06/05/2021", "time": "01:57 PM", "segment": "NSE_CASH", "symbol": "COFORGE", "type": "BUY", "qty": 7.0, "trade_price": 3379.2, "trade_val": 23654.4, "order_id": "1200000013069955"}, {"date": "06/05/2021", "time": "01:18 PM", "segment": "NSE_CASH", "symbol": "COFORGE", "type": "SELL", "qty": 25.0, "trade_price": 3354.4, "trade_val": 83860.0, "order_id": "1200000011856931"}, {"date": "06/05/2021", "time": "01:15 PM", "segment": "NSE_CASH", "symbol": "COFORGE", "type": "BUY", "qty": 25.0, "trade_price": 3383.65, "trade_val": 84591.25, "order_id": "1200000011793104"}, {"date": "06/05/2021", "time": "12:28 PM", "segment": "NSE_CASH", "symbol": "COFORGE", "type": "SELL", "qty": 20.0, "trade_price": 3308.5, "trade_val": 66170.0, "order_id": "1200000009326974"}, {"date": "06/05/2021", "time": "12:03 PM", "segment": "NSE_CASH", "symbol": "COFORGE", "type": "BUY", "qty": 20.0, "trade_price": 3273.15, "trade_val": 65463.0, "order_id": "1200000009183439"}, {"date": "06/05/2021", "time": "09:34 AM", "segment": "NSE_CASH", "symbol": "LUPIN", "type": "SELL", "qty": 83.0, "trade_price": 1184.25, "trade_val": 98292.75, "order_id": "1200000001383689"}, {"date": "05/05/2021", "time": "03:13 PM", "segment": "NSE_CASH", "symbol": "LUPIN", "type": "SELL", "qty": 1.0, "trade_price": 1198.8, "trade_val": 1198.8, "order_id": "1200000015958607"}, {"date": "05/05/2021", "time": "09:37 AM", "segment": "NSE_CASH", "symbol": "BHARATFORG", "type": "SELL", "qty": 1.0, "trade_price": 631.6, "trade_val": 631.6, "order_id": "1000000003001308"}, {"date": "05/05/2021", "time": "09:37 AM", "segment": "NSE_CASH", "symbol": "BHARATFORG", "type": "SELL", "qty": 22.0, "trade_price": 631.6, "trade_val": 13895.2, "order_id": "1000000003001308"}, {"date": "05/05/2021", "time": "09:04 AM", "segment": "NSE_CASH", "symbol": "BHARATFORG", "type": "BUY", "qty": 79.0, "trade_price": 631.8, "trade_val": 49912.2, "order_id": "1000000000124249"}, {"date": "05/05/2021", "time": "09:37 AM", "segment": "NSE_CASH", "symbol": "BHARATFORG", "type": "SELL", "qty": 56.0, "trade_price": 631.6, "trade_val": 35369.6, "order_id": "1000000003001308"}, {"date": "05/05/2021", "time": "01:55 PM", "segment": "NSE_CASH", "symbol": "TATASTLBSL", "type": "SELL", "qty": 400.0, "trade_price": 94.4, "trade_val": 37760.0, "order_id": "1300000015148928"}, {"date": "05/05/2021", "time": "01:55 PM", "segment": "NSE_CASH", "symbol": "TATASTLBSL", "type": "SELL", "qty": 200.0, "trade_price": 94.4, "trade_val": 18880.0, "order_id": "1300000015148928"}, {"date": "05/05/2021", "time": "02:30 PM", "segment": "NSE_CASH", "symbol": "TATASTLBSL", "type": "BUY", "qty": 600.0, "trade_price": 94.2, "trade_val": 56520.0, "order_id": "1300000015602154"}, {"date": "05/05/2021", "time": "02:43 PM", "segment": "NSE_CASH", "symbol": "LUPIN", "type": "BUY", "qty": 1.0, "trade_price": 1197.6, "trade_val": 1197.6, "order_id": "1200000014546053"}, {"date": "04/05/2021", "time": "12:46 PM", "segment": "NSE_CASH", "symbol": "TATASTLBSL", "type": "BUY", "qty": 104.0, "trade_price": 99.85, "trade_val": 10384.4, "order_id": "1300000013180834"}, {"date": "04/05/2021", "time": "09:22 AM", "segment": "NSE_CASH", "symbol": "RELINFRA", "type": "BUY", "qty": 100.0, "trade_price": 49.65, "trade_val": 4965.0, "order_id": "1300000000707606"}, {"date": "04/05/2021", "time": "09:22 AM", "segment": "NSE_CASH", "symbol": "RELINFRA", "type": "BUY", "qty": 30.0, "trade_price": 49.65, "trade_val": 1489.5, "order_id": "1300000000707606"}, {"date": "04/05/2021", "time": "09:22 AM", "segment": "NSE_CASH", "symbol": "RELINFRA", "type": "BUY", "qty": 75.0, "trade_price": 49.65, "trade_val": 3723.75, "order_id": "1300000000707606"}, {"date": "04/05/2021", "time": "09:25 AM", "segment": "NSE_CASH", "symbol": "TATASTLBSL", "type": "BUY", "qty": 400.0, "trade_price": 101.4, "trade_val": 40560.0, "order_id": "1300000001915805"}, {"date": "04/05/2021", "time": "09:28 AM", "segment": "NSE_CASH", "symbol": "RELINFRA", "type": "SELL", "qty": 305.0, "trade_price": 48.3, "trade_val": 14731.5, "order_id": "1300000002170442"}, {"date": "04/05/2021", "time": "09:42 AM", "segment": "NSE_CASH", "symbol": "TATASTLBSL", "type": "SELL", "qty": 400.0, "trade_price": 99.75, "trade_val": 39900.0, "order_id": "1300000002271917"}, {"date": "04/05/2021", "time": "09:49 AM", "segment": "NSE_CASH", "symbol": "RELINFRA", "type": "BUY", "qty": 1000.0, "trade_price": 48.0, "trade_val": 48000.0, "order_id": "1300000004238996"}, {"date": "04/05/2021", "time": "10:38 AM", "segment": "NSE_CASH", "symbol": "RELINFRA", "type": "SELL", "qty": 1000.0, "trade_price": 46.8, "trade_val": 46800.0, "order_id": "1300000004638563"}, {"date": "04/05/2021", "time": "09:22 AM", "segment": "NSE_CASH", "symbol": "RELINFRA", "type": "BUY", "qty": 100.0, "trade_price": 49.65, "trade_val": 4965.0, "order_id": "1300000000707606"}, {"date": "04/05/2021", "time": "01:13 PM", "segment": "NSE_CASH", "symbol": "TATASTLBSL", "type": "SELL", "qty": 600.0, "trade_price": 98.5, "trade_val": 59100.0, "order_id": "1300000013422305"}, {"date": "04/05/2021", "time": "12:46 PM", "segment": "NSE_CASH", "symbol": "TATASTLBSL", "type": "BUY", "qty": 5.0, "trade_price": 99.85, "trade_val": 499.25, "order_id": "1300000013180834"}, {"date": "04/05/2021", "time": "12:46 PM", "segment": "NSE_CASH", "symbol": "TATASTLBSL", "type": "BUY", "qty": 212.0, "trade_price": 99.9, "trade_val": 21178.8, "order_id": "1300000013180834"}, {"date": "04/05/2021", "time": "12:46 PM", "segment": "NSE_CASH", "symbol": "TATASTLBSL", "type": "BUY", "qty": 200.0, "trade_price": 99.85, "trade_val": 19970.0, "order_id": "1300000013180834"}, {"date": "04/05/2021", "time": "12:46 PM", "segment": "NSE_CASH", "symbol": "TATASTLBSL", "type": "BUY", "qty": 32.0, "trade_price": 99.9, "trade_val": 3196.8, "order_id": "1300000013180834"}, {"date": "04/05/2021", "time": "12:46 PM", "segment": "NSE_CASH", "symbol": "TATASTLBSL", "type": "BUY", "qty": 47.0, "trade_price": 99.85, "trade_val": 4692.95, "order_id": "1300000013180834"}], "total_res": 190.0}, "status_code": 200, "code": 200}