{"s": "ok", "message": "Success", "data": {"COLUMNS": [{"date": "Date", "time": "Time", "segment": "Segment", "symbol": "Symbol", "type": "Trade Type", "qty": "Quantity", "trade_price": "Trade Price (\u20b9)", "trade_val": "Trade Value  (\u20b9)", "order_id": "Order id"}], "DATA": [{"date": "30/12/2021", "time": "09:58 AM", "segment": "NSE_CASH", "symbol": "JKCEMENT", "type": "SELL", "qty": 2.0, "trade_price": 3262.5, "trade_val": 6525.0, "order_id": "1200000003721445"}, {"date": "29/12/2021", "time": "03:26 PM", "segment": "NSE_CASH", "symbol": "JKCEMENT", "type": "BUY", "qty": 2.0, "trade_price": 3197.15, "trade_val": 6394.3, "order_id": "1200000016796204"}, {"date": "28/12/2021", "time": "12:51 PM", "segment": "NSE_CASH", "symbol": "GRASIM", "type": "SELL", "qty": 13.0, "trade_price": 1621.2, "trade_val": 21075.6, "order_id": "1100000010033921"}, {"date": "28/12/2021", "time": "12:51 PM", "segment": "NSE_CASH", "symbol": "GRASIM", "type": "SELL", "qty": 6.0, "trade_price": 1621.2, "trade_val": 9727.2, "order_id": "1100000010033921"}, {"date": "28/12/2021", "time": "11:43 AM", "segment": "NSE_CASH", "symbol": "GRASIM", "type": "BUY", "qty": 19.0, "trade_price": 1626.0, "trade_val": 30894.0, "order_id": "1100000007154694"}, {"date": "24/12/2021", "time": "10:52 AM", "segment": "NSE_CASH", "symbol": "DIVISLAB", "type": "SELL", "qty": 1.0, "trade_price": 4474.5, "trade_val": 4474.5, "order_id": "1100000004963939"}, {"date": "23/12/2021", "time": "03:19 PM", "segment": "NSE_CASH", "symbol": "DIVISLAB", "type": "BUY", "qty": 1.0, "trade_price": 4472.0, "trade_val": 4472.0, "order_id": "1100000014493838"}, {"date": "22/12/2021", "time": "02:58 PM", "segment": "NSE_CASH", "symbol": "TATAELXSI", "type": "SELL", "qty": 5.0, "trade_price": 5476.5, "trade_val": 27382.5, "order_id": "1300000016558057"}, {"date": "22/12/2021", "time": "12:23 PM", "segment": "NSE_CASH", "symbol": "TATAELXSI", "type": "BUY", "qty": 5.0, "trade_price": 5473.15, "trade_val": 27365.75, "order_id": "1300000010980198"}, {"date": "17/12/2021", "time": "02:43 PM", "segment": "NSE_CASH", "symbol": "ELGIEQUIP", "type": "SELL", "qty": 3.0, "trade_price": 286.9, "trade_val": 860.7, "order_id": "1100000018839979"}, {"date": "17/12/2021", "time": "02:36 PM", "segment": "NSE_CASH", "symbol": "ELGIEQUIP", "type": "BUY", "qty": 14.0, "trade_price": 289.5, "trade_val": 4053.0, "order_id": "1100000017961966"}, {"date": "17/12/2021", "time": "02:36 PM", "segment": "NSE_CASH", "symbol": "ELGIEQUIP", "type": "BUY", "qty": 1.0, "trade_price": 289.5, "trade_val": 289.5, "order_id": "1100000017961966"}, {"date": "17/12/2021", "time": "02:43 PM", "segment": "NSE_CASH", "symbol": "ELGIEQUIP", "type": "SELL", "qty": 2.0, "trade_price": 286.9, "trade_val": 573.8, "order_id": "1100000018839979"}, {"date": "17/12/2021", "time": "02:43 PM", "segment": "NSE_CASH", "symbol": "ELGIEQUIP", "type": "SELL", "qty": 2.0, "trade_price": 286.9, "trade_val": 573.8, "order_id": "1100000018839979"}, {"date": "17/12/2021", "time": "02:43 PM", "segment": "NSE_CASH", "symbol": "ELGIEQUIP", "type": "SELL", "qty": 3.0, "trade_price": 286.9, "trade_val": 860.7, "order_id": "1100000018839979"}, {"date": "17/12/2021", "time": "02:43 PM", "segment": "NSE_CASH", "symbol": "ELGIEQUIP", "type": "SELL", "qty": 2.0, "trade_price": 286.9, "trade_val": 573.8, "order_id": "1100000018839979"}, {"date": "17/12/2021", "time": "02:43 PM", "segment": "NSE_CASH", "symbol": "ELGIEQUIP", "type": "SELL", "qty": 1.0, "trade_price": 286.9, "trade_val": 286.9, "order_id": "1100000018839979"}, {"date": "17/12/2021", "time": "02:43 PM", "segment": "NSE_CASH", "symbol": "ELGIEQUIP", "type": "SELL", "qty": 2.0, "trade_price": 286.9, "trade_val": 573.8, "order_id": "1100000018839979"}, {"date": "17/12/2021", "time": "02:43 PM", "segment": "NSE_CASH", "symbol": "ELGIEQUIP", "type": "SELL", "qty": 2.0, "trade_price": 286.9, "trade_val": 573.8, "order_id": "1100000018839979"}, {"date": "17/12/2021", "time": "02:43 PM", "segment": "NSE_CASH", "symbol": "ELGIEQUIP", "type": "SELL", "qty": 2.0, "trade_price": 286.9, "trade_val": 573.8, "order_id": "1100000018839979"}, {"date": "17/12/2021", "time": "02:43 PM", "segment": "NSE_CASH", "symbol": "ELGIEQUIP", "type": "SELL", "qty": 2.0, "trade_price": 286.9, "trade_val": 573.8, "order_id": "1100000018839979"}, {"date": "17/12/2021", "time": "02:43 PM", "segment": "NSE_CASH", "symbol": "ELGIEQUIP", "type": "SELL", "qty": 3.0, "trade_price": 286.9, "trade_val": 860.7, "order_id": "1100000018839979"}, {"date": "17/12/2021", "time": "02:43 PM", "segment": "NSE_CASH", "symbol": "ELGIEQUIP", "type": "SELL", "qty": 2.0, "trade_price": 286.9, "trade_val": 573.8, "order_id": "1100000018839979"}, {"date": "17/12/2021", "time": "02:43 PM", "segment": "NSE_CASH", "symbol": "ELGIEQUIP", "type": "SELL", "qty": 1.0, "trade_price": 286.9, "trade_val": 286.9, "order_id": "1100000018839979"}, {"date": "17/12/2021", "time": "02:43 PM", "segment": "NSE_CASH", "symbol": "ELGIEQUIP", "type": "SELL", "qty": 76.0, "trade_price": 286.85, "trade_val": 21800.6, "order_id": "1100000018839979"}, {"date": "17/12/2021", "time": "02:43 PM", "segment": "NSE_CASH", "symbol": "ELGIEQUIP", "type": "SELL", "qty": 2.0, "trade_price": 286.9, "trade_val": 573.8, "order_id": "1100000018839979"}, {"date": "17/12/2021", "time": "02:43 PM", "segment": "NSE_CASH", "symbol": "ELGIEQUIP", "type": "SELL", "qty": 3.0, "trade_price": 286.9, "trade_val": 860.7, "order_id": "1100000018839979"}, {"date": "17/12/2021", "time": "02:43 PM", "segment": "NSE_CASH", "symbol": "ELGIEQUIP", "type": "SELL", "qty": 2.0, "trade_price": 286.9, "trade_val": 573.8, "order_id": "1100000018839979"}, {"date": "17/12/2021", "time": "02:43 PM", "segment": "NSE_CASH", "symbol": "ELGIEQUIP", "type": "SELL", "qty": 2.0, "trade_price": 286.9, "trade_val": 573.8, "order_id": "1100000018839979"}, {"date": "17/12/2021", "time": "02:43 PM", "segment": "NSE_CASH", "symbol": "ELGIEQUIP", "type": "SELL", "qty": 2.0, "trade_price": 286.9, "trade_val": 573.8, "order_id": "1100000018839979"}, {"date": "17/12/2021", "time": "02:47 PM", "segment": "NSE_CASH", "symbol": "GLAND", "type": "BUY", "qty": 1.0, "trade_price": 3598.6, "trade_val": 3598.6, "order_id": "1100000019473367"}, {"date": "17/12/2021", "time": "02:57 PM", "segment": "NSE_CASH", "symbol": "GLAND", "type": "SELL", "qty": 1.0, "trade_price": 3599.0, "trade_val": 3599.0, "order_id": "1100000020001323"}, {"date": "17/12/2021", "time": "01:37 PM", "segment": "NSE_CASH", "symbol": "ELGIEQUIP", "type": "BUY", "qty": 106.0, "trade_price": 292.6, "trade_val": 31015.6, "order_id": "1100000005267711"}, {"date": "17/12/2021", "time": "01:37 PM", "segment": "NSE_CASH", "symbol": "ELGIEQUIP", "type": "BUY", "qty": 9.0, "trade_price": 292.6, "trade_val": 2633.4, "order_id": "1100000005267711"}, {"date": "17/12/2021", "time": "02:14 PM", "segment": "NSE_CASH", "symbol": "ELGIEQUIP", "type": "SELL", "qty": 64.0, "trade_price": 291.55, "trade_val": 18659.2, "order_id": "1100000017744817"}, {"date": "17/12/2021", "time": "02:14 PM", "segment": "NSE_CASH", "symbol": "ELGIEQUIP", "type": "SELL", "qty": 51.0, "trade_price": 291.5, "trade_val": 14866.5, "order_id": "1100000017744817"}, {"date": "17/12/2021", "time": "02:36 PM", "segment": "NSE_CASH", "symbol": "ELGIEQUIP", "type": "BUY", "qty": 36.0, "trade_price": 289.5, "trade_val": 10422.0, "order_id": "1100000017961966"}, {"date": "17/12/2021", "time": "02:36 PM", "segment": "NSE_CASH", "symbol": "ELGIEQUIP", "type": "BUY", "qty": 13.0, "trade_price": 288.95, "trade_val": 3756.35, "order_id": "1100000017961966"}, {"date": "17/12/2021", "time": "02:36 PM", "segment": "NSE_CASH", "symbol": "ELGIEQUIP", "type": "BUY", "qty": 16.0, "trade_price": 289.5, "trade_val": 4632.0, "order_id": "1100000017961966"}, {"date": "17/12/2021", "time": "02:36 PM", "segment": "NSE_CASH", "symbol": "ELGIEQUIP", "type": "BUY", "qty": 34.0, "trade_price": 289.5, "trade_val": 9843.0, "order_id": "1100000017961966"}, {"date": "16/12/2021", "time": "02:46 PM", "segment": "NSE_CASH", "symbol": "SWANENERGY", "type": "SELL", "qty": 20.0, "trade_price": 137.1, "trade_val": 2742.0, "order_id": "1300000008334622"}, {"date": "16/12/2021", "time": "02:46 PM", "segment": "NSE_CASH", "symbol": "SWANENERGY", "type": "SELL", "qty": 11.0, "trade_price": 137.15, "trade_val": 1508.65, "order_id": "1300000008334622"}, {"date": "16/12/2021", "time": "10:01 AM", "segment": "NSE_CASH", "symbol": "IEX", "type": "SELL", "qty": 22.0, "trade_price": 262.25, "trade_val": 5769.5, "order_id": "1100000004533034"}, {"date": "16/12/2021", "time": "10:48 AM", "segment": "NSE_CASH", "symbol": "SWANENERGY", "type": "BUY", "qty": 100.0, "trade_price": 137.2, "trade_val": 13720.0, "order_id": "1300000007568032"}, {"date": "16/12/2021", "time": "10:48 AM", "segment": "NSE_CASH", "symbol": "SWANENERGY", "type": "BUY", "qty": 73.0, "trade_price": 137.35, "trade_val": 10026.55, "order_id": "1300000007568032"}, {"date": "16/12/2021", "time": "10:48 AM", "segment": "NSE_CASH", "symbol": "SWANENERGY", "type": "BUY", "qty": 27.0, "trade_price": 137.3, "trade_val": 3707.1, "order_id": "1300000007568032"}, {"date": "16/12/2021", "time": "02:46 PM", "segment": "NSE_CASH", "symbol": "SWANENERGY", "type": "SELL", "qty": 100.0, "trade_price": 137.05, "trade_val": 13705.0, "order_id": "1300000008334622"}, {"date": "16/12/2021", "time": "02:46 PM", "segment": "NSE_CASH", "symbol": "SWANENERGY", "type": "SELL", "qty": 10.0, "trade_price": 137.05, "trade_val": 1370.5, "order_id": "1300000008334622"}, {"date": "16/12/2021", "time": "02:46 PM", "segment": "NSE_CASH", "symbol": "SWANENERGY", "type": "SELL", "qty": 9.0, "trade_price": 137.15, "trade_val": 1234.35, "order_id": "1300000008334622"}, {"date": "16/12/2021", "time": "02:46 PM", "segment": "NSE_CASH", "symbol": "SWANENERGY", "type": "SELL", "qty": 50.0, "trade_price": 137.1, "trade_val": 6855.0, "order_id": "1300000008334622"}, {"date": "15/12/2021", "time": "10:31 AM", "segment": "NSE_CASH", "symbol": "HINDZINC", "type": "SELL", "qty": 15.0, "trade_price": 337.95, "trade_val": 5069.25, "order_id": "1100000000852707"}, {"date": "15/12/2021", "time": "03:28 PM", "segment": "NSE_CASH", "symbol": "IEX", "type": "BUY", "qty": 22.0, "trade_price": 261.85, "trade_val": 5760.7, "order_id": "1100000016401175"}, {"date": "14/12/2021", "time": "03:29 PM", "segment": "NSE_CASH", "symbol": "HINDZINC", "type": "BUY", "qty": 15.0, "trade_price": 337.4, "trade_val": 5061.0, "order_id": "1100000017596914"}, {"date": "13/12/2021", "time": "03:18 PM", "segment": "NSE_CASH", "symbol": "TEGA", "type": "SELL", "qty": 9.0, "trade_price": 725.0, "trade_val": 6525.0, "order_id": "1300000017022996"}, {"date": "13/12/2021", "time": "01:50 PM", "segment": "NSE_CASH", "symbol": "TEGA", "type": "BUY", "qty": 9.0, "trade_price": 738.4, "trade_val": 6645.6, "order_id": "1300000011883137"}, {"date": "03/12/2021", "time": "09:54 AM", "segment": "NSE_CASH", "symbol": "INDHOTEL", "type": "SELL", "qty": 122.0, "trade_price": 190.7, "trade_val": 23265.4, "order_id": "1100000004284932"}, {"date": "03/12/2021", "time": "09:54 AM", "segment": "NSE_CASH", "symbol": "INDHOTEL", "type": "SELL", "qty": 50.0, "trade_price": 190.75, "trade_val": 9537.5, "order_id": "1100000004284932"}, {"date": "03/12/2021", "time": "09:26 AM", "segment": "NSE_CASH", "symbol": "INDHOTEL", "type": "BUY", "qty": 172.0, "trade_price": 187.0, "trade_val": 32164.0, "order_id": "1100000001815034"}, {"date": "03/12/2021", "time": "01:38 PM", "segment": "NSE_CASH", "symbol": "RELIANCE", "type": "SELL", "qty": 12.0, "trade_price": 2423.0, "trade_val": 29076.0, "order_id": "1300000014535764"}, {"date": "03/12/2021", "time": "01:31 PM", "segment": "NSE_CASH", "symbol": "RELIANCE", "type": "BUY", "qty": 12.0, "trade_price": 2427.0, "trade_val": 29124.0, "order_id": "1300000014187724"}, {"date": "01/12/2021", "time": "03:06 PM", "segment": "NSE_CASH", "symbol": "BHARTIARTL", "type": "SELL", "qty": 45.0, "trade_price": 721.45, "trade_val": 32465.25, "order_id": "1000000016160585"}, {"date": "01/12/2021", "time": "01:25 PM", "segment": "NSE_CASH", "symbol": "BHARTIARTL", "type": "BUY", "qty": 45.0, "trade_price": 722.65, "trade_val": 32519.25, "order_id": "1000000012413709"}], "total_res": 62.0}, "status_code": 200, "code": 200}