{
  "code": 200,
  "message": "",
  "s": "ok",
  "netPositions": [
    {
      "symbol": "BSE:SENSEX25N2084900PE",
      "id": "BSE:SENSEX25N2084900PE-MARGIN",
      "buyAvg": 8.05,
      "buyQty": 6200,
      "buyVal": 49910,
      "sellAvg": 8.113548387096774,
      "sellQty": 6200,
      "sellVal": 50304,
      "netAvg": 0,
      "netQty": 0,
      "side": 0,
      "qty": 0,
      "productType": "MARGIN",
      "realized_profit": 393.9999999999941,
      "crossCurrency": "",
      "rbiRefRate": 1,
      "fyToken": "12112511201127928",
      "exchange": 12,
      "segment": 11,
      "dayBuyQty": 6200,
      "daySellQty": 6200,
      "cfBuyQty": 0,
      "cfSellQty": 0,
      "qtyMulti_com": 1,
      "pl": 393.9999999999941,
      "unrealized_profit": -0,
      "ltp": 0.05,
      "slNo": 0
    }
  ],
  "overall": {
    "count_open": 0,
    "count_total": 1,
    "pl_realized": 393.9999999999941,
    "pl_total": 393.9999999999941,
    "pl_unrealized": 0
  }
}