{"s": "ok", "message": "Success", "data": {"COLUMNS": [{"trade_date": "Trade Date", "turnover": "Turnover (\u20b9)", "sebi_toc": "SEBI Turnover Charge (\u20b9)", "exchange_txn_charge": "Exchange Transaction Charge (\u20b9)", "brokerage": "Brokerage (\u20b9)", "cm_charge": "CM Charges (\u20b9)", "stt": "STT/CTT", "gst": "GST (\u20b9)", "stamp_duty": "Stamp Duty (\u20b9)", "cgst": "CGST (\u20b9)", "sgst": "SGST (\u20b9)", "igst": "IGST (\u20b9)", "ipft": "IPFT (\u20b9)"}], "DATA": [{"trade_date": "02/12/2024", "turnover": 607.2, "sebi_toc": 2.42, "exchange_txn_charge": 71.91, "brokerage": 80.0, "cm_charge": 0.0, "stt": 303.0, "gst": 28.22, "stamp_duty": 36.0, "cgst": 0.0, "sgst": 0.0, "igst": 28.22, "ipft": 2.42}, {"trade_date": "04/12/2024", "turnover": 0.0, "sebi_toc": 0.11, "exchange_txn_charge": 3.3, "brokerage": 20.0, "cm_charge": 0.0, "stt": 111.0, "gst": 4.23, "stamp_duty": 17.0, "cgst": 0.0, "sgst": 0.0, "igst": 4.23, "ipft": 0.11}, {"trade_date": "05/12/2024", "turnover": 110120.0, "sebi_toc": 0.11, "exchange_txn_charge": 3.27, "brokerage": 20.0, "cm_charge": 0.0, "stt": 110.0, "gst": 4.23, "stamp_duty": 0.0, "cgst": 0.0, "sgst": 0.0, "igst": 4.23, "ipft": 0.11}, {"trade_date": "16/12/2024", "turnover": 795.9, "sebi_toc": 3.27, "exchange_txn_charge": 97.25, "brokerage": 120.0, "cm_charge": 0.0, "stt": 409.0, "gst": 40.28, "stamp_duty": 49.0, "cgst": 0.0, "sgst": 0.0, "igst": 40.28, "ipft": 3.27}, {"trade_date": "18/12/2024", "turnover": 19044.0, "sebi_toc": 0.02, "exchange_txn_charge": 0.57, "brokerage": 20.0, "cm_charge": 0.0, "stt": 19.0, "gst": 3.71, "stamp_duty": 0.0, "cgst": 0.0, "sgst": 0.0, "igst": 3.71, "ipft": 0.02}, {"trade_date": "19/12/2024", "turnover": 190.25, "sebi_toc": 0.89, "exchange_txn_charge": 26.49, "brokerage": 80.0, "cm_charge": 0.0, "stt": 112.0, "gst": 19.49, "stamp_duty": 13.0, "cgst": 0.0, "sgst": 0.0, "igst": 19.49, "ipft": 0.89}, {"trade_date": "26/12/2024", "turnover": 1894.2, "sebi_toc": 2.74, "exchange_txn_charge": 81.47, "brokerage": 80.0, "cm_charge": 0.0, "stt": 343.0, "gst": 30.05, "stamp_duty": 41.0, "cgst": 0.0, "sgst": 0.0, "igst": 30.05, "ipft": 2.74}, {"trade_date": "30/12/2024", "turnover": 2729.9, "sebi_toc": 0.27, "exchange_txn_charge": 8.01, "brokerage": 45.36, "cm_charge": 0.0, "stt": 34.0, "gst": 9.7, "stamp_duty": 4.0, "cgst": 0.0, "sgst": 0.0, "igst": 9.7, "ipft": 0.27}], "TOTAL": [{"turnover": 135381.45, "brokerage": 465.36, "stt": 1441.0, "stamp_duty": 160.0, "cm_charge": 0.0, "ipft": 9.83, "exchange_txn_charge": 292.27, "sebi_toc": 9.83, "gst": 139.91, "cgst": 0.0, "sgst": 0.0, "igst": 139.91}]}, "status_code": 200, "code": 200}