{"s": "ok", "message": "Success", "data": {"COLUMNS": [{"trade_date": "Trade Date", "turnover": "Turnover (\u20b9)", "sebi_toc": "SEBI Turnover Charge (\u20b9)", "exchange_txn_charge": "Exchange Transaction Charge (\u20b9)", "brokerage": "Brokerage (\u20b9)", "cm_charge": "CM Charges (\u20b9)", "stt": "STT/CTT", "gst": "GST (\u20b9)", "stamp_duty": "Stamp Duty (\u20b9)", "cgst": "CGST (\u20b9)", "sgst": "SGST (\u20b9)", "igst": "IGST (\u20b9)", "ipft": "IPFT (\u20b9)"}], "DATA": [{"trade_date": "01/03/2021", "turnover": 546.05, "sebi_toc": 0.07, "exchange_txn_charge": 3.66, "brokerage": 39.94, "cm_charge": 0.0, "stt": 17.0, "gst": 7.85, "stamp_duty": 2.0, "cgst": 0.0, "sgst": 0.0, "igst": 7.85, "ipft": 0.0}, {"trade_date": "02/03/2021", "turnover": 817.45, "sebi_toc": 0.19, "exchange_txn_charge": 10.83, "brokerage": 73.43, "cm_charge": 0.0, "stt": 49.0, "gst": 15.17, "stamp_duty": 6.0, "cgst": 0.0, "sgst": 0.0, "igst": 15.17, "ipft": 0.0}, {"trade_date": "03/03/2021", "turnover": 774.5, "sebi_toc": 0.15, "exchange_txn_charge": 9.81, "brokerage": 65.36, "cm_charge": 0.0, "stt": 38.0, "gst": 13.53, "stamp_duty": 5.0, "cgst": 0.0, "sgst": 0.0, "igst": 13.53, "ipft": 0.0}, {"trade_date": "04/03/2021", "turnover": 525.0, "sebi_toc": 0.07, "exchange_txn_charge": 4.76, "brokerage": 40.0, "cm_charge": 0.0, "stt": 17.0, "gst": 8.06, "stamp_duty": 2.0, "cgst": 0.0, "sgst": 0.0, "igst": 8.06, "ipft": 0.0}, {"trade_date": "05/03/2021", "turnover": 733.5, "sebi_toc": 0.21, "exchange_txn_charge": 13.24, "brokerage": 83.95, "cm_charge": 0.0, "stt": 52.0, "gst": 17.49, "stamp_duty": 6.0, "cgst": 0.0, "sgst": 0.0, "igst": 17.49, "ipft": 0.0}, {"trade_date": "08/03/2021", "turnover": 0.0, "sebi_toc": 0.09, "exchange_txn_charge": 4.76, "brokerage": 40.0, "cm_charge": 0.0, "stt": 22.0, "gst": 8.06, "stamp_duty": 3.0, "cgst": 0.0, "sgst": 0.0, "igst": 8.06, "ipft": 0.0}, {"trade_date": "09/03/2021", "turnover": 35.0, "sebi_toc": 0.01, "exchange_txn_charge": 0.7, "brokerage": 6.11, "cm_charge": 0.0, "stt": 3.0, "gst": 1.23, "stamp_duty": 0.0, "cgst": 0.0, "sgst": 0.0, "igst": 1.23, "ipft": 0.0}, {"trade_date": "10/03/2021", "turnover": 486.7, "sebi_toc": 0.09, "exchange_txn_charge": 5.44, "brokerage": 52.81, "cm_charge": 0.0, "stt": 22.0, "gst": 10.49, "stamp_duty": 3.0, "cgst": 0.0, "sgst": 0.0, "igst": 10.49, "ipft": 0.0}, {"trade_date": "31/03/2021", "turnover": 669.9, "sebi_toc": 0.1, "exchange_txn_charge": 6.09, "brokerage": 60.03, "cm_charge": 0.0, "stt": 25.0, "gst": 11.9, "stamp_duty": 3.0, "cgst": 0.0, "sgst": 0.0, "igst": 11.9, "ipft": 0.0}], "TOTAL": [{"turnover": 4588.1, "brokerage": 461.63, "stt": 245.0, "stamp_duty": 30.0, "cm_charge": 0.0, "ipft": 0.0, "exchange_txn_charge": 59.29, "sebi_toc": 0.98, "gst": 93.78, "cgst": 0.0, "sgst": 0.0, "igst": 93.78}]}, "status_code": 200, "code": 200}