{"s": "ok", "message": "Success", "data": {"COLUMNS": [{"trade_date": "Trade Date", "turnover": "Turnover (\u20b9)", "sebi_toc": "SEBI Turnover Charge (\u20b9)", "exchange_txn_charge": "Exchange Transaction Charge (\u20b9)", "brokerage": "Brokerage (\u20b9)", "cm_charge": "CM Charges (\u20b9)", "stt": "STT/CTT", "gst": "GST (\u20b9)", "stamp_duty": "Stamp Duty (\u20b9)", "cgst": "CGST (\u20b9)", "sgst": "SGST (\u20b9)", "igst": "IGST (\u20b9)", "ipft": "IPFT (\u20b9)"}], "DATA": [{"trade_date": "02/04/2025", "turnover": 0.0, "sebi_toc": 0.19, "exchange_txn_charge": 5.51, "brokerage": 20.0, "cm_charge": 0.0, "stt": 0.0, "gst": 4.66, "stamp_duty": 28.0, "cgst": 0.0, "sgst": 0.0, "igst": 4.66, "ipft": 0.19}, {"trade_date": "17/04/2025", "turnover": 194132.7, "sebi_toc": 0.19, "exchange_txn_charge": 5.77, "brokerage": 20.0, "cm_charge": 0.0, "stt": 0.0, "gst": 4.71, "stamp_duty": 0.0, "cgst": 0.0, "sgst": 0.0, "igst": 4.71, "ipft": 0.19}], "TOTAL": [{"turnover": 194132.7, "brokerage": 40.0, "stt": 0.0, "stamp_duty": 28.0, "cm_charge": 0.0, "ipft": 0.38, "exchange_txn_charge": 11.28, "sebi_toc": 0.38, "gst": 9.37, "cgst": 0.0, "sgst": 0.0, "igst": 9.37}]}, "status_code": 200, "code": 200}